ornek_no,zaman_sn,etiket_sayisi,gecikme_ms,verim_etiket_sn,bellek_mb,cpu_yuzde,durum,ek_bilgi
1,0.013,1000,12.613,79280.8,33.78,0.0,BASARILI,
2,0.115,1000,14.689,68076.3,33.78,1.08,BASARILI,
3,0.218,1000,15.853,63079.5,33.78,0.0,BASARILI,
4,0.315,1000,12.439,80390.4,33.78,1.03,BASARILI,
5,0.419,1000,15.43,64806.7,33.78,0.0,BASARILI,
6,0.524,1000,15.471,64637.1,33.78,0.94,BASARILI,
7,0.623,1000,14.05,71175.9,33.78,0.0,BASARILI,
8,0.726,1000,16.019,62426.6,33.78,0.85,BASARILI,
9,0.843,0,32.025,0.0,33.78,0.0,HATA,Ag kopmasi sonrasi otomatik yeniden baglanti (Exponential Backoff basarili)
10,0.93,1000,16.309,61315.1,33.78,0.97,BASARILI,
11,1.029,1000,12.306,81258.5,33.78,1.0,BASARILI,
12,1.131,1000,13.69,73043.9,33.78,0.99,BASARILI,
13,1.231,1000,13.207,75720.3,33.78,0.0,BASARILI,
14,1.331,1000,12.77,78311.0,33.78,0.0,BASARILI,
15,1.435,1000,15.485,64579.9,33.78,0.0,BASARILI,
16,1.532,1000,11.646,85869.3,33.78,0.0,BASARILI,
17,1.637,1000,15.769,63416.4,33.78,0.0,BASARILI,
18,1.737,1000,13.027,76763.1,33.78,0.0,BASARILI,
19,1.838,1000,14.09,70969.8,33.78,0.0,BASARILI,
20,1.94,1000,15.028,66540.7,33.78,0.0,BASARILI,
21,2.039,1000,13.035,76717.1,33.78,0.0,BASARILI,
22,2.148,1000,14.617,68414.4,33.78,0.84,BASARILI,
23,2.246,1000,12.531,79800.8,33.78,0.0,BASARILI,
24,2.349,1000,13.964,71610.7,33.78,0.83,BASARILI,
25,2.457,1000,14.654,68240.8,33.78,1.03,BASARILI,
26,2.56,1000,16.114,62057.5,33.78,0.0,BASARILI,
27,2.661,1000,16.604,60226.5,33.78,0.0,BASARILI,
28,2.768,1000,15.982,62570.4,33.78,0.0,BASARILI,
29,2.868,1000,14.581,68581.5,33.78,0.0,BASARILI,
30,2.97,1000,14.698,68035.1,33.78,0.0,BASARILI,
